{
	"countries":
		{
			"USA" : {
				"CountryName" 		: "United States Of America",
				"CountryCode" 		: "USA",
				"flagImage"         : "images/United_States.jpg",
				"Currency" 	   		: "US-$",
				"ConvertinRupee"	: "64.39 INR"
			},		
			"AUS" : {
				"CountryName" 		: "Australia",
				"CountryCode" 		: "AUS",
				"flagImage"         : "images/Australia.jpg",
				"Currency" 	   		: "AU-$",
				"ConvertinRupee"	: "51.17 INR"		
			},
			"CA" : {		
				"CountryName" 		: "Canada",
				"CountryCode" 		: "CA",
				"flagImage"         : "images/Canada.jpg",
				"Currency" 	   		: "CA-$",
				"ConvertinRupee"	: "51.46 INR"
			},
			"NZ" : {
				"CountryName" 		: "New Zealand",
				"CountryCode" 		: "NZ",
				"flagImage"         : "images/NewZealand.jpg",
				"Currency" 	   		: "NZD-$",
				"ConvertinRupee"	: "47.91 INR"
			}
		}
}